# hook-gauntlet backtest fixture 1: the Swap events of v4 pool 0x21c67e77068de97969ba93d4aab21826d33ca12bb9f565d8496e8fda8a82ca27 on chain 1, blocks 26049801 .. 26050000 (the replay starts from the state at the end of block 26049800). Written by scripts/backtest.sh; public event data.
block	timestamp	txIndex	logIndex	sender	amount0	amount1	sqrtPriceX96	liquidity	tick	fee
26049804	1790282963	198	474	0x23617e59a5925b2a4bf75d73ff6711cd0b29de85	29154854076950637	-78448606	4108496466221074272367801	171357403690873183	-197351	625
26049834	1790283323	64	129	0x93c30e6e09f698cfea99b09b5166ed90cfaedd17	-825244250284287616	2217222505	4107471319590578451112391	171357403690873183	-197356	625
26049834	1790283323	159	543	0x23617e59a5925b2a4bf75d73ff6711cd0b29de85	-98904147188503603	265656170	4107348491805970221188685	171357403690873183	-197357	625
26049846	1790283479	98	444	0x66a9893cc07d91d95644aedd05d03f95e1dba8af	-486654860114120192	1306921752	4106744228396335274455773	171357403690873183	-197359	625
26049856	1790283611	37	286	0x22ec88b9ff78c6f2458ab1a7aa8bb99d84bd4b86	6932807228312684	-18638790	4106752840770491912996020	171357403690873183	-197359	625
26049860	1790283659	10	34	0x93c30e6e09f698cfea99b09b5166ed90cfaedd17	456697153088852504	-1227998367	4107320258603384793154251	171357403690873183	-197357	625
26049863	1790283695	64	305	0xb82aac6aecc9a8edf12345a3b1ec874575da97d4	302704052465144	-814044	4107320634746357333272317	171357403690873183	-197357	625
26049866	1790283731	0	39	0x8cfdb276645244d3b4707ad6a47c99b54dc444c7	515076312375810981	-1385379715	4107960773346189238585219	171357403690873183	-197354	625
26049867	1790283743	29	39	0x66a9893cc07d91d95644aedd05d03f95e1dba8af	365904682797828167	-984421253	4108415642170646982501033	171357403690873183	-197351	625
26049870	1790283779	82	353	0x23617e59a5925b2a4bf75d73ff6711cd0b29de85	25551020083790547	-68750000	4108447409294218489615952	171357403690873183	-197351	625
26049872	1790283803	192	408	0x99e8150968aab5e32fc4a4b10fecccb50d1ce402	-6606997979797977	17755302	4108439200019403338387906	171357403690873183	-197351	625
26049879	1790283887	84	193	0x66a9893cc07d91d95644aedd05d03f95e1dba8af	-149250730375965	401087	4108439014573946528464138	171357403690873183	-197351	625
26049879	1790283887	246	700	0x8f10b468b06c6fd214b65f87778827f7d113f996	-146651590233884649	394085556	4108256806663010820125256	171357403690873183	-197352	625
26049885	1790283959	63	241	0xcaf0beadeaefc66fef60ac6526ab566d58c8647a	-22557600984491314	60614207	4108228781306977954098568	171357403690873183	-197352	625
26049887	1790283983	22	91	0x93c30e6e09f698cfea99b09b5166ed90cfaedd17	-1266164422396772864	3400966858	4106656323104463654915770	171357403690873183	-197360	625
26049887	1790283983	146	485	0x111116053f09d34a7eae8102887004445176ca11	-8379000000000000	22497648	4106645921176715301909518	171357403690873183	-197360	625
26049888	1790283995	74	405	0x66a9893cc07d91d95644aedd05d03f95e1dba8af	1710563768063070	-4598609	4106648046042751778383631	171357403690873183	-197360	625
26049911	1790284271	110	221	0x23617e59a5925b2a4bf75d73ff6711cd0b29de85	2953550428666612897	-7947305077	4110320232845306347496881	171357664209072553	-197342	625
26049911	1790284271	111	225	0xc165c9a4db89aa72b23f66b96731a960084a1fe2	-2153985861628299586	5790026233	4107643180792501166880296	171357403690873183	-197355	625
26049915	1790284319	137	318	0x666fedd4cdd4e890a5ad20e7b60975409435a64a	-156780077621250624	421138574	4107448464750566978176491	171357403690873183	-197356	625
26049927	1790284463	307	1325	0x99e8150968aab5e32fc4a4b10fecccb50d1ce402	-1076275662051193	2890925	4107447128113044540621778	171357403690873183	-197356	625
26049931	1790284511	253	1037	0x85940d36a1f438d4292dd77365d99cc2d1eae3c7	-86460309700423264	232230207	4107339755030484349282230	171357403690873183	-197357	625
26049936	1790284571	108	158	0x66a9893cc07d91d95644aedd05d03f95e1dba8af	-2894081264958370	7773219	4107336161034204116598178	171357403690873183	-197357	625
26049953	1790284775	257	747	0x111116053f09d34a7eae8102887004445176ca11	-399000000000000	1071673	4107335665539103338771724	171357403690873183	-197357	625
26049953	1790284775	259	776	0x23617e59a5925b2a4bf75d73ff6711cd0b29de85	-141390836144597966	379745296	4107160087936743921172758	171357403690873183	-197357	625
26049953	1790284775	321	984	0x99e8150968aab5e32fc4a4b10fecccb50d1ce402	1381595485534024	-3715153	4107161804587273866533560	171357403690873183	-197357	625
26049964	1790284907	0	5	0x23617e59a5925b2a4bf75d73ff6711cd0b29de85	-1198445852395526130	3217466922	4105675256868271424788724	171569425593698053	-197365	625
26049964	1790284907	9	106	0xb82aac6aecc9a8edf12345a3b1ec874575da97d4	1193016006341828	-3205738	4105676736304115696785107	171569425593698053	-197365	625
26049964	1790284907	157	623	0x111116053f09d34a7eae8102887004445176ca11	24480153541474011	-65780809	4105707093899713367671412	171569425593698053	-197365	625
26049964	1790284907	161	675	0x20fc4afe4c6736923104c2712989da32ec961940	1713165635729288735	-4605878938	4107834290976672887314482	171357403690873183	-197354	625
26049964	1790284907	182	765	0x99e8150968aab5e32fc4a4b10fecccb50d1ce402	20536501831280984	-55241741	4107859816375800913056067	171357403690873183	-197354	625
26049966	1790284931	19	144	0x66a9893cc07d91d95644aedd05d03f95e1dba8af	212256048010728470	-570994004	4108123654006723058665521	171357403690873183	-197353	625
26049967	1790284943	276	658	0x85940d36a1f438d4292dd77365d99cc2d1eae3c7	11870156552302781	-31934298	4108138409800067061098204	171357403690873183	-197353	625
26049973	1790285015	0	5	0x23617e59a5925b2a4bf75d73ff6711cd0b29de85	-2336948488307632420	6274828390	4105238811987167409559306	171569425593698053	-197367	625
26049973	1790285015	130	307	0xeff6cb8b614999d130e537751ee99724d01aa167	1526521151676477189	-4102913114	4107133025618357192228864	171357403690873183	-197358	625
26049974	1790285027	22	169	0xa0f1c3ad83e07d97b5e7030e177718be175275ea	221081535326587355	-594526764	4107407736967051324377032	171357403690873183	-197356	625
26049982	1790285123	7	171	0x99e8150968aab5e32fc4a4b10fecccb50d1ce402	7496607121700882	-20161077	4107417052740379814519311	171357403690873183	-197356	625
26049983	1790285135	5	24	0x23617e59a5925b2a4bf75d73ff6711cd0b29de85	-2154000000000000000	5781892637	4104745976631219501550530	171569425593698053	-197369	625
26049983	1790285135	201	551	0x93c30e6e09f698cfea99b09b5166ed90cfaedd17	424060070231353137	-1139115919	4105271674345186696794153	171569425593698053	-197367	625
26049983	1790285135	312	1754	0xeff6cb8b614999d130e537751ee99724d01aa167	1603797483907538904	-4310782655	4107261978344981031550976	171357403690873183	-197357	625
26049987	1790285183	182	367	0x66a9893cc07d91d95644aedd05d03f95e1dba8af	113860219032088547	-306199260	4107403462995899080076446	171357403690873183	-197356	625
26049988	1790285195	71	371	0x111116053f09d34a7eae8102887004445176ca11	185443433934387917	-498750000	4107633919038531697791214	171357403690873183	-197355	625
26049991	1790285231	11	165	0xb82aac6aecc9a8edf12345a3b1ec874575da97d4	634107579959570	-1705528	4107634707107149841662983	171357403690873183	-197355	625
26049997	1790285303	118	196	0x8f10b468b06c6fd214b65f87778827f7d113f996	109914154582812190	-295640582	4107771312938642127121705	171357403690873183	-197354	625
